{
  "Ansi 7 Color (Light)" : {
    "Red Component" : 0.7810397744178772,
    "Color Space" : "sRGB",
    "Blue Component" : 0.78104829788208008,
    "Alpha Component" : 1,
    "Green Component" : 0.78105825185775757
  },
  "Ansi 15 Color (Light)" : {
    "Red Component" : 0.99999600648880005,
    "Color Space" : "sRGB",
    "Blue Component" : 1,
    "Alpha Component" : 1,
    "Green Component" : 1
  },
  "Ansi 2 Color (Light)" : {
    "Red Component" : 0,
    "Color Space" : "sRGB",
    "Blue Component" : 0,
    "Alpha Component" : 1,
    "Green Component" : 0.7607843279838562
  },
  "Bold Color" : {
    "Red Component" : 0.34544768929481506,
    "Color Space" : "P3",
    "Blue Component" : 0.617442786693573,
    "Alpha Component" : 1,
    "Green Component" : 0.72641241550445557
  },
  "Ansi 1 Color (Dark)" : {
    "Red Component" : 0.90488773584365845,
    "Color Space" : "P3",
    "Blue Component" : 0.56136059761047363,
    "Alpha Component" : 1,
    "Green Component" : 0.49126213788986206
  },
  "Use Bright Bold" : true,
  "Ansi 9 Color (Light)" : {
    "Red Component" : 0.8659515380859375,
    "Color Space" : "sRGB",
    "Blue Component" : 0.45833224058151245,
    "Alpha Component" : 1,
    "Green Component" : 0.47524076700210571
  },
  "Ansi 8 Color (Dark)" : {
    "Red Component" : 0.26002591848373413,
    "Color Space" : "P3",
    "Blue Component" : 0.39824515581130981,
    "Alpha Component" : 1,
    "Green Component" : 0.28148797154426575
  },
  "Background Color" : {
    "Red Component" : 0.10266806930303574,
    "Color Space" : "P3",
    "Blue Component" : 0.14562889933586121,
    "Alpha Component" : 1,
    "Green Component" : 0.10575328022241592
  },
  "Columns" : 80,
  "Ansi 8 Color" : {
    "Red Component" : 0.26002591848373413,
    "Color Space" : "P3",
    "Blue Component" : 0.39824515581130981,
    "Alpha Component" : 1,
    "Green Component" : 0.28148797154426575
  },
  "Right Option Key Sends" : 0,
  "Ansi 4 Color (Light)" : {
    "Red Component" : 0.15404300391674042,
    "Color Space" : "sRGB",
    "Blue Component" : 0.78216177225112915,
    "Alpha Component" : 1,
    "Green Component" : 0.26474356651306152
  },
  "Blinking Cursor" : false,
  "Selected Text Color (Light)" : {
    "Red Component" : 0,
    "Color Space" : "sRGB",
    "Blue Component" : 0,
    "Alpha Component" : 1,
    "Green Component" : 0
  },
  "Selected Text Color (Dark)" : {
    "Red Component" : 0.7601020336151123,
    "Color Space" : "P3",
    "Blue Component" : 0.94677621126174927,
    "Alpha Component" : 1,
    "Green Component" : 0.79089134931564331
  },
  "Ansi 3 Color (Dark)" : {
    "Red Component" : 0.84841150045394897,
    "Color Space" : "P3",
    "Blue Component" : 0.44895988702774048,
    "Alpha Component" : 1,
    "Green Component" : 0.6938050389289856
  },
  "Keyboard Map" : {
    "0xf728-0x0" : {
      "Action" : 11,
      "Text" : "0x4"
    },
    "0xf702-0x280000" : {
      "Action" : 10,
      "Text" : "b"
    },
    "0xf702-0x300000" : {
      "Action" : 11,
      "Text" : "0x1"
    },
    "0xf703-0x280000" : {
      "Action" : 10,
      "Text" : "f"
    },
    "0xf728-0x80000" : {
      "Action" : 10,
      "Text" : "d"
    },
    "0x7f-0x100000" : {
      "Action" : 11,
      "Text" : "0x15"
    },
    "0xf703-0x300000" : {
      "Action" : 11,
      "Text" : "0x5"
    },
    "0x7f-0x80000" : {
      "Action" : 11,
      "Text" : "\"0x1b 0x7f\""
    }
  },
  "Visual Bell" : true,
  "Cursor Text Color" : {
    "Red Component" : 0.10266806930303574,
    "Color Space" : "P3",
    "Blue Component" : 0.14562889933586121,
    "Alpha Component" : 1,
    "Green Component" : 0.10575328022241592
  },
  "Scrollback Lines" : 1000,
  "Selection Color (Light)" : {
    "Red Component" : 0.70196080207824707,
    "Color Space" : "sRGB",
    "Blue Component" : 1,
    "Alpha Component" : 1,
    "Green Component" : 0.84313726425170898
  },
  "Ansi 0 Color" : {
    "Red Component" : 0.083061344921588898,
    "Color Space" : "P3",
    "Blue Component" : 0.11511331051588058,
    "Alpha Component" : 1,
    "Green Component" : 0.086146034300327301
  },
  "Match Background Color (Dark)" : {
    "Red Component" : 1,
    "Color Space" : "P3",
    "Blue Component" : 0,
    "Alpha Component" : 1,
    "Green Component" : 1
  },
  "Ansi 11 Color (Light)" : {
    "Red Component" : 0.9259033203125,
    "Color Space" : "sRGB",
    "Blue Component" : 0,
    "Alpha Component" : 1,
    "Green Component" : 0.8833775520324707
  },
  "Ansi 5 Color (Dark)" : {
    "Red Component" : 0.71255952119827271,
    "Color Space" : "P3",
    "Blue Component" : 0.94470149278640747,
    "Alpha Component" : 1,
    "Green Component" : 0.60879212617874146
  },
  "Cursor Text Color (Light)" : {
    "Red Component" : 1,
    "Color Space" : "sRGB",
    "Blue Component" : 1,
    "Alpha Component" : 1,
    "Green Component" : 1
  },
  "Silence Bell" : false,
  "Rows" : 25,
  "Guid" : "040BC147-F034-49A3-8990-5B91FBD88707",
  "Ansi 14 Color (Dark)" : {
    "Red Component" : 0.56523633003234863,
    "Color Space" : "P3",
    "Blue Component" : 0.98185211420059204,
    "Alpha Component" : 1,
    "Green Component" : 0.8036535382270813
  },
  "Ansi 15 Color (Dark)" : {
    "Red Component" : 0.7601020336151123,
    "Color Space" : "P3",
    "Blue Component" : 0.94677621126174927,
    "Alpha Component" : 1,
    "Green Component" : 0.79089134931564331
  },
  "Ansi 0 Color (Dark)" : {
    "Red Component" : 0.083061344921588898,
    "Color Space" : "P3",
    "Blue Component" : 0.11511331051588058,
    "Alpha Component" : 1,
    "Green Component" : 0.086146034300327301
  },
  "Ambiguous Double Width" : false,
  "Option Key Sends" : 2,
  "Ansi 3 Color" : {
    "Red Component" : 0.84841150045394897,
    "Color Space" : "P3",
    "Blue Component" : 0.44895988702774048,
    "Alpha Component" : 1,
    "Green Component" : 0.6938050389289856
  },
  "Window Type" : 0,
  "BM Growl" : true,
  "Prompt Before Closing 2" : false,
  "Allow Alternate Mouse Scroll" : true,
  "Left Option Key Changeable" : true,
  "Command" : "",
  "Selected Text Color" : {
    "Red Component" : 0.7601020336151123,
    "Color Space" : "P3",
    "Blue Component" : 0.94677621126174927,
    "Alpha Component" : 1,
    "Green Component" : 0.79089134931564331
  },
  "Ansi 14 Color (Light)" : {
    "Red Component" : 0.37597531080245972,
    "Color Space" : "sRGB",
    "Blue Component" : 1,
    "Alpha Component" : 1,
    "Green Component" : 0.99263292551040649
  },
  "Cursor Guide Color (Dark)" : {
    "Red Component" : 0.7601020336151123,
    "Color Space" : "P3",
    "Blue Component" : 0.94677621126174927,
    "Alpha Component" : 0.25,
    "Green Component" : 0.79089134931564331
  },
  "ASCII Ligatures" : false,
  "Send Code When Idle" : false,
  "Ansi 6 Color" : {
    "Red Component" : 0.56523633003234863,
    "Color Space" : "P3",
    "Blue Component" : 0.98185211420059204,
    "Alpha Component" : 1,
    "Green Component" : 0.8036535382270813
  },
  "Jobs to Ignore" : [
    "rlogin",
    "ssh",
    "slogin",
    "telnet"
  ],
  "Badge Color (Dark)" : {
    "Red Component" : 0.91916567087173462,
    "Color Space" : "P3",
    "Blue Component" : 0.14500156044960022,
    "Alpha Component" : 0.5,
    "Green Component" : 0.25274839997291565
  },
  "Cursor Color" : {
    "Red Component" : 0.7601020336151123,
    "Color Space" : "P3",
    "Blue Component" : 0.94677621126174927,
    "Alpha Component" : 1,
    "Green Component" : 0.79089134931564331
  },
  "Vertical Spacing" : 1,
  "Disable Window Resizing" : true,
  "Close Sessions On End" : true,
  "Selection Color (Dark)" : {
    "Red Component" : 0.16626611351966858,
    "Color Space" : "P3",
    "Blue Component" : 0.33116650581359863,
    "Alpha Component" : 1,
    "Green Component" : 0.20254358649253845
  },
  "Default Bookmark" : "No",
  "Foreground Color (Light)" : {
    "Red Component" : 0.062745098039215685,
    "Color Space" : "sRGB",
    "Blue Component" : 0.062745098039215685,